p,appear
3,668
5,668
7,668
11,667
13,667
17,666
19,666
23,666
29,665
31,665
37,663
41,663
43,663
47,662
53,661
59,660
61,660
67,659
71,657
73,657
79,657
83,656
89,656
97,655
101,654
103,654
107,654
109,654
113,653
127,652
131,651
137,651
139,651
149,650
151,650
157,650
163,650
167,650
173,649
179,649
181,649
191,647
193,647
197,647
199,647
211,644
223,641
227,641
229,641
233,641
239,641
241,641
251,639
257,639
263,639
269,638
271,638
277,637
281,635
283,635
293,635
307,634
311,633
313,633
317,633
331,631
337,631
347,629
349,629
353,627
359,626
367,624
373,624
379,624
383,623
389,623
397,623
401,622
409,621
419,619
421,619
431,619
433,619
439,618
443,617
449,617
457,615
461,615
463,615
467,615
479,614
487,612
491,611
499,610
503,610
509,609
521,607
523,607
541,606
547,605
557,603
563,602
569,602
571,602
577,602
587,600
593,599
599,599
601,599
607,598
613,597
617,597
619,597
631,596
641,595
643,595
647,594
653,593
659,593
661,593
673,591
677,590
683,590
691,590
701,590
709,589
719,587
727,587
733,585
739,585
743,583
751,582
757,582
761,580
769,580
773,578
787,576
797,575
809,574
811,574
821,574
823,574
827,573
829,573
839,573
853,570
857,570
859,570
863,569
877,566
881,566
883,566
887,566
907,564
911,562
919,562
929,560
937,560
941,560
947,559
953,557
967,557
971,557
977,556
983,554
991,553
997,552
1009,550
1013,549
1019,549
1021,549
1031,549
1033,549
1039,548
1049,548
1051,548
1061,546
1063,546
1069,546
1087,541
1091,540
1093,540
1097,539
1103,539
1109,539
1117,538
1123,537
1129,536
1151,533
1153,533
1163,532
1171,531
1181,529
1187,529
1193,529
1201,528
1213,526
1217,526
1223,525
1229,525
1231,525
1237,523
1249,522
1259,522
1277,519
1279,519
1283,518
1289,518
1291,518
1297,517
1301,516
1303,516
1307,515
1319,514
1321,514
1327,513
1361,509
1367,508
1373,507
1381,506
1399,503
1409,502
1423,500
1427,500
1429,500
1433,499
1439,499
1447,497
1451,497
1453,497
1459,496
1471,493
1481,491
1483,491
1487,490
1489,490
1493,489
1499,489
1511,487
1523,487
1531,487
1543,483
1549,482
1553,481
1559,481
1567,481
1571,480
1579,480
1583,480
1597,478
1601,478
1607,478
1609,478
1613,476
1619,476
1621,476
1627,476
1637,474
1657,471
1663,470
1667,470
1669,470
1693,465
1697,464
1699,464
1709,462
1721,462
1723,462
1733,461
1741,461
1747,459
1753,457
1759,457
1777,456
1783,455
1787,454
1789,454
1801,452
1811,451
1823,449
1831,449
1847,446
1861,446
1867,445
1871,445
1873,445
1877,445
1879,445
1889,443
1901,442
1907,442
1913,441
1931,439
1933,439
1949,437
1951,437
1973,434
1979,433
1987,432
1993,431
1997,431
1999,431
2003,429
2011,429
2017,429
2027,429
2029,429
2039,426
2053,424
2063,423
2069,423
2081,422
2083,422
2087,421
2089,421
2099,419
2111,418
2113,418
2129,416
2131,416
2137,416
2141,415
2143,415
2153,413
2161,412
2179,410
2203,407
2207,406
2213,404
2221,404
2237,402
2239,402
2243,402
2251,401
2267,399
2269,399
2273,397
2281,397
2287,396
2293,394
2297,393
2309,391
2311,391
2333,386
2339,385
2341,385
2347,383
2351,383
2357,382
2371,381
2377,381
2381,380
2383,380
2389,379
2393,378
2399,378
2411,376
2417,376
2423,375
2437,375
2441,375
2447,374
2459,371
2467,370
2473,369
2477,369
2,2
